{
    "euler_explicite": {
        "A": [
            [
                0
            ]
        ],
        "B": [
            1
        ],
        "C": [
            0
        ],
        "ordre": 1
    },
    "euler_implicite": {
        "A": [
            [
                1
            ]
        ],
        "B": [
            1
        ],
        "C": [
            1
        ],
        "ordre": 1
    },
    "rk4": {
        "A": [
            [
                0.0,
                0.0,
                0.0,
                0.0
            ],
            [
                0.5,
                0.0,
                0.0,
                0.0
            ],
            [
                0.0,
                0.5,
                0.0,
                0.0
            ],
            [
                0.0,
                0.0,
                1.0,
                0.0
            ]
        ],
        "B": [
            0.16666666666666666,
            0.3333333333333333,
            0.3333333333333333,
            0.16666666666666666
        ],
        "C": [
            0.0,
            0.5,
            0.5,
            1.0
        ],
        "ordre": 4
    },
    "cooper_verner": {
        "A": [
            [
                0,
                0,
                0,
                0,
                0,
                0,
                0,
                0,
                0,
                0,
                0
            ],
            [
                0.5,
                0,
                0,
                0,
                0,
                0,
                0,
                0,
                0,
                0,
                0
            ],
            [
                0.25,
                0.25,
                0,
                0,
                0,
                0,
                0,
                0,
                0,
                0,
                0
            ],
            [
                0.14285714285714285,
                -0.2117115008659951,
                0.8961811933628407,
                0,
                0,
                0,
                0,
                0,
                0,
                0,
                0
            ],
            [
                0.18550685351137902,
                0,
                0.5766714726956088,
                0.06514850914700064,
                0,
                0,
                0,
                0,
                0,
                0,
                0
            ],
            [
                0.1996369936449133,
                0,
                0.37729376930432884,
                -0.46345538964060623,
                0.38652462669136406,
                0,
                0,
                0,
                0,
                0,
                0
            ],
            [
                0.1289862929772419,
                0,
                -0.03302551131448491,
                -0.3497052863177424,
                0.32851721314173604,
                0.09790045615925952,
                0,
                0,
                0,
                0,
                0
            ],
            [
                0.07142857142857142,
                0,
                0,
                0,
                0.0020021659931149178,
                -0.011868683886786038,
                0.1111111111111111,
                0,
                0,
                0,
                0
            ],
            [
                0.03125,
                0,
                0,
                0,
                -0.00908696110082056,
                0.1527777777777778,
                -0.6325461606959097,
                0.9576053440189525,
                0,
                0,
                0
            ],
            [
                0.07142857142857142,
                0,
                0,
                0,
                0.1111111111111111,
                -0.6379313501852646,
                2.031083139166862,
                -1.8108630829377543,
                1.0624984467704632,
                0,
                0
            ],
            [
                0,
                0,
                0,
                0,
                -0.5512205630727292,
                2.4513804324169666,
                -7.164951553231382,
                7.553840442120271,
                -2.2291582101947447,
                16.921970135309124,
                0
            ]
        ],
        "B": [
            0.05,
            0,
            0,
            0,
            0,
            0,
            0,
            0.2722222222222222,
            0.35555555555555557,
            0.2722222222222222,
            0.05
        ],
        "C": [
            0,
            0.5,
            0.5,
            0.8273268353539885,
            0.8273268353539885,
            0.5,
            0.17267316464601143,
            0.17267316464601143,
            0.5,
            0.8273268353539885,
            1
        ],
        "ordre": 8
    },
    "euler_heun": {
        "A": [
            [
                0.0,
                0.0
            ],
            [
                1.0,
                0.0
            ]
        ],
        "B": [
            [
                0.5,
                0.5
            ],
            [
                1.0,
                0.0
            ]
        ],
        "C": [
            0.0,
            1.0
        ],
        "ordre": 2
    },
    "bogacki_shampine": {
        "A": [
            [
                0.0,
                0.0,
                0.0,
                0.0
            ],
            [
                0.5,
                0.0,
                0.0,
                0.0
            ],
            [
                0.0,
                0.75,
                0.0,
                0.0
            ],
            [
                0.2222222222222222,
                0.3333333333333333,
                0.4444444444444444,
                0.0
            ]
        ],
        "B": [
            [
                0.2916666666666667,
                0.25,
                0.3333333333333333,
                0.125
            ],
            [
                0.2222222222222222,
                0.3333333333333333,
                0.4444444444444444,
                0.0
            ]
        ],
        "C": [
            0.0,
            0.5,
            0.75,
            1.0
        ],
        "ordre": 4
    },
    "fehlberg45": {
        "A": [
            [
                0.0,
                0.0,
                0.0,
                0.0,
                0.0,
                0.0
            ],
            [
                0.25,
                0.0,
                0.0,
                0.0,
                0.0,
                0.0
            ],
            [
                0.09375,
                0.28125,
                0.0,
                0.0,
                0.0,
                0.0
            ],
            [
                0.8793809740555303,
                -3.277196176604461,
                3.3208921256258535,
                0.0,
                0.0,
                0.0
            ],
            [
                2.0324074074074074,
                -8,
                7.173489278752436,
                -0.20589668615984405,
                0.0,
                0.0
            ],
            [
                -0.2962962962962963,
                2,
                -1.3816764132553607,
                0.4529727095516569,
                -0.275,
                0.0
            ]
        ],