{
    "erk1": {
        "A": [
            [
                0
            ]
        ],
        "B": [
            1
        ],
        "C": [
            0
        ],
        "ordre": 1
    },
    "erk2_midpoint": {
        "A": [
            [
                0.0,
                0.0
            ],
            [
                0.5,
                0.0
            ]
        ],
        "B": [
            0.0,
            1.0
        ],
        "C": [
            0.0,
            0.5
        ],
        "ordre": 2
    },
    "erk4": {
        "A": [
            [
                0.0,
                0.0,
                0.0,
                0.0
            ],
            [
                0.5,
                0.0,
                0.0,
                0.0
            ],
            [
                0.0,
                0.5,
                0.0,
                0.0
            ],
            [
                0.0,
                0.0,
                1.0,
                0.0
            ]
        ],
        "B": [
            0.16666666666666666,
            0.3333333333333333,
            0.3333333333333333,
            0.16666666666666666
        ],
        "C": [
            0.0,
            0.5,
            0.5,
            1.0
        ],
        "ordre": 4
    },
    "sdirk1": {
        "A": [
            [
                1
            ]
        ],
        "B": [
            1
        ],
        "C": [
            1
        ],
        "ordre": 1
    },
    "sdirk2_midpoint": {
        "A": [
            [
                0.5
            ]
        ],
        "B": [
            1.0
        ],
        "C": [
            0.5
        ],
        "ordre": 2
    },
    "sdirk43_crouzeix": {
        "A": [
            [
                1.0685790213,
                0.0,
                0.0
            ],
            [
                -0.5685790212999999,
                1.0685790213,
                0.0
            ],
            [
                2.1371580426,
                -3.2743160851999997,
                1.0685790213
            ]
        ],
        "B": [
            0.1288864005164589,
            0.7422271989670822,
            0.1288864005164589
        ],
        "C": [
            1.0685790213,
            0.5,
            -0.06857902129999993
        ],
        "ordre": 2
    },
    "cooper_verner": {
        "A": [
            [
                0,
                0,
                0,
                0,
                0,
                0,
                0,
                0,
                0,
                0,
                0
            ],
            [
                0.5,
                0,
                0,
                0,
                0,
                0,
                0,
                0,
                0,
                0,
                0
            ],
            [
                0.25,
                0.25,
                0,
                0,
                0,
                0,
                0,
                0,
                0,
                0,
                0
            ],
            [
                0.14285714285714285,
                0.06885435800885224,
                -0.039038336219983635,
                0,
                0,
                0,
                0,
                0,
                0,
                0,
                0
            ],
            [
                0.07639790839338285,
                0,
                -0.00524290126703745,
                0.10151815751966603,
                0,
                0,
                0,
                0,
                0,
                0,
                0
            ],
            [
                0.008696339688420004,
                0,
                0.12270623069567112,
                -0.819877943692727,
                1.188475373308636,
                0,
                0,
                0,
                0,
                0,
                0
            ],
            [
                0.34720418321323426,
                0,
                -2.709831631542658,
                14.41637195298441,
                -14.728517213141737,
                3.5020995438407403,
                0,
                0,
                0,
                0,
                0
            ],
            [
                0.07142857142857142,
                0,
                0,
                0,
                0.2202200562291073,
                0.42456709658519876,
                0.1111111111111111,
                0,
                0,
                0,
                0
            ],
            [
                0.03125,
                0,
                0,
                0,
                0.3250591833230428,
                0.1527777777777778,
                -0.03585661708186806,
                0.026769655981047524,
                0,
                0,
                0
            ],
            [
                0.07142857142857142,
                0,
                0,
                0,
                0.1111111111111111,
                -0.026921257524485948,
                0.012567654483932064,
                -0.01056548849081716,
                0.015052573637699981,
                0,
                0
            ],
            [
                0,
                0,
                0,
                0,
                -4.115446103593937,
                -3.251380432416967,
                -0.4183817801019514,
                0.8072706689908402,
                3.473602654639189,
                4.504334992482827,
                0
            ]
        ],
        "B": [
            0.05,
            0,
            0,
            0,
            0,
            0,
            0,
            0.2722222222222222,
            0.35555555555555557,
            0.2722222222222222,
            0.05
        ],
        "C": [
            0,
            0.5,
            0.5,
            0.17267316464601143,
            0.17267316464601143,
            0.5,
            0.8273268353539885,
            0.8273268353539885,
            0.5,
            0.17267316464601143,
            1
        ],
        "ordre": 8
    },
    "euler_heun": {
        "A": [
            [
                0.0,
                0.0
            ],
            [
                1.0,
                0.0
            ]
        ],
        "B": [
            [
                0.5,
                0.5
            ],
            [
                1.0,
                0.0
            ]
        ],
        "C": [
            0.0,
            1.0
        ],
        "ordre": 2
    },
    "bogacki_shampine": {
        "A": [
            [
                0.0,
                0.0,
                0.0,
                0.0
            ],
            [
                0.5,
                0.0,
                0.0,
                0.0
            ],
            [
                0.0,
                0.75,
                0.0,
                0.0
            ],
            [
                0.2222222222222222,
                0.3333333333333333,
                0.4444444444444444,
                0.0
            ]
        ],
        "B": [
            [
                0.2916666666666667,
                0.25,
                0.3333333333333333,
                0.125
            ],
            [
                0.2222222222222222,
                0.3333333333333333,
                0.4444444444444444,
                0.0
            ]
        ],
        "C": [
            0.0,
            0.5,
            0.75,
            1.0
        ],
        "ordre": 3
    },